Table of biomass and C stock data collected in 2014,Unnamed: 1,Unnamed: 2,Unnamed: 3,Unnamed: 4,Unnamed: 5,Unnamed: 6,Unnamed: 7,Organic soil samples,Unnamed: 9,Unnamed: 10,Unnamed: 11,Unnamed: 12,Unnamed: 13,Unnamed: 14,Unnamed: 15,Unnamed: 16,Unnamed: 17,Unnamed: 18,Unnamed: 19,Unnamed: 20,Unnamed: 21,Mineral soil samples,Unnamed: 23,Unnamed: 24,Unnamed: 25,Unnamed: 26,Unnamed: 27,Unnamed: 28,Unnamed: 29,Unnamed: 30,Unnamed: 31,Unnamed: 32,Unnamed: 33,Unnamed: 34,Vascular belowground samples (from organic and mineral soil),Unnamed: 36,Unnamed: 37,Unnamed: 38,Unnamed: 39,Unnamed: 40,Ground layer vegetation and litter (g dw m-2) (sieve size ,Unnamed: 42,Unnamed: 43,Unnamed: 44,Unnamed: 45,Unnamed: 46,Unnamed: 47,Unnamed: 48,Unnamed: 49,Unnamed: 50,Unnamed: 51,Unnamed: 52,Unnamed: 53,Unnamed: 54,Unnamed: 55,Unnamed: 56,Unnamed: 57,Unnamed: 58,Unnamed: 59,Unnamed: 60,Biomass of vascular vegetation (g dw m-2) (Sample area 0.25 m2 -> The shown value is the weight * 4),Unnamed: 62,Unnamed: 63,Unnamed: 64,Unnamed: 65,Unnamed: 66,Unnamed: 67,Unnamed: 68,Unnamed: 69,Unnamed: 70,Unnamed: 71,Unnamed: 72,Unnamed: 73,Unnamed: 74,Unnamed: 75,Unnamed: 76,Unnamed: 77,Unnamed: 78,Unnamed: 79,Unnamed: 80,Unnamed: 81,Unnamed: 82,Unnamed: 83,Unnamed: 84,Unnamed: 85,Unnamed: 86,Unnamed: 87,Unnamed: 88,Unnamed: 89,Unnamed: 90,Unnamed: 91,Unnamed: 92,Unnamed: 93,Unnamed: 94,Unnamed: 95,Unnamed: 96,Unnamed: 97,Unnamed: 98,Unnamed: 99,Unnamed: 100,Unnamed: 101,Unnamed: 102,Unnamed: 103,Unnamed: 104,Unnamed: 105,Unnamed: 106,Unnamed: 107,Unnamed: 108,Unnamed: 109,Unnamed: 110
,,,,,,,,,,,,,,,,,C and N % of dw,,C and N stocks,,C:N ratio,,,,,,,,,C and N % of dw,,C and N stocks,,C:N ratio,,C and N % of dw,,C and N stocks,,C:N ratio,,,,,,C and N % of dw,,,,,,C and N stocks,,,,,,,,C:N ratio,,,,,,,,C and N % of dw,,,,,,,,,,,,,,C and N stocks,,,,,,,,,,,,,,,,,,,,,,,,,,,,C:N ratio
Plot,Area,Grazing,Transect,Elevation,Trampling (number of bent nails out of 25),Trampling %,Soil average temperature,"Organic soil sample, fw before sieving (g)","Organic soil, fw after sieving (g)",Organic soil layer thickness (cm),Area of soil samples (cm2),Volume of soil samples (cm3),Organic soil moisture (%),Organic soil OMC (% of dw) ,Organic soil dw (g m-2),Organic soil bulk density (g dw cm-3),Organic soil C concentration (%),Organic soil N concentration (%),Organic soil C stock (g m-2),Organic soil N stock (g m-2),Organic soil C:N ratio,"Mineral soil sample fw, after sieving (g)",Mineral soil thickness (cm),Mineral soil sample area (cm2),Mineral soil sample volume (cm3),Mineral soil dryweight (dw m-2),Mineral soil moisture (%),Mineral soil organic matter content (% of dw) ,Mineral soil bulk density (g dw cm-3),Mineral soil C concentration (% of dw),Mineral soil N concentration (% of dw),Mineral soil C stock (g C m-2),Mineral soil N stock (g N m-2),Mineral soil C:N ratio,Root dw (sieved from organic and mineral soil samples) (g m-2),Root C concentration,Root N concentration,Root C stock (g C m-2),Root N stock (g N m-2),Root C:N ratio,Bryophytes m-2,Lichens (g m-2),Litter fw (g m-2),Litter drymatter (%),Litter OMC (% of dw) ,Bryophyte C %,Bryophyte N %,Lichen C %,Lichen N %,Litter C concentration (% of dw),Litter N concentration (% of dw),Bryophyte C stock (g m-2),Bryophyte N stock (g m-2),Lichen C stock (g m-2),Lichen N stock (g m-2),Cryptogram C stock (g m-2),Cryptogram N stock (g m-2),Litter C stock (g C m-2),Litter N stock (g N m-2),Litter C:N ratio,Emp nigr (g m-2),Other evergreen (g m-2),Bet nan stem (g m-2),Bet nan leaf (g m-2),Other deciduous (g m-2),Forbs (g m-2),Graminoids (g m-2),Emp nigr C %,Emp nigr N %,Other evergreen C %,Other evergreen N %,Bet nan stem C %,Bet nan stem N %,Bet nan leaf C %,Bet nan leaf N %,Other deciduous C %,Other deciduous N %,Forb C %,Forb N %,Graminoid C %,Graminoid N %,Emp nigr C stock (g m-2),Emp nigr N stock (g m-2),Other evergreen C stock (g m-2),Other evergreen N stock (g m-2),Bet nan stem C stock (g m-2),Bet nan stem N stock (g m-2),Bet nan leaf C stock (g m-2),Bet nan leaf N stock (g m-2),Other deciduous C stock (g m-2),Other deciduous N stock (g m-2),Forb C stock (g m-2),Forb N stock (g m-2),Graminoid C stock (g m-2),Graminoid N stock (g m-2),Deciduous C stock (g m-2),Deciduous N stock (g m-2),Evergreen C stock (g m-2),Evergreen N stock (g m-2),Vascular C stock (g m-2),Vascular N stock (g m-2),Aboveground C stock (g m-2),Aboveground N stock (g m-2),Belowground C stock (g m-2),Belowground N stock (g m-2),Total ecosystem C stock (g m-2) ,Total ecosystem N stock (g m-2),Vascular root:shoot C ratio,Vascular root:shoot N ratio,Vascular C:N ratio
HG1,Reisa,HG,1,472,25,1,,60.676,49.83253515612457,3.55,26.420794186500004,93.79381936207501,54.09460834181079,42.991689750692515,8658.263743,0.2438947533245575,22.066582679748535,1.0632228255271912,1910.5829274845937,92.05663641015262,20.754429034014564,60.575,0.9222222222222223,52.8415438,48.73164594888889,10205.425008299511,14.194499017681736,3.6634230108757904,1.0665899172491298,1.5063700675964355,0.06417665258049965,153.73146759602488,6.549500151939806,23.472244297985597,1026.621267,46.745000000000005,0.74,479.89411125915,7.5969973758,63.168918918918926,15.781536777759621,0,214.73511003866525,64.54849498327746,73.056994818653,43.8,1.81,,,42.1,1.3050000000000002,6.912313108658713,0.2856458156774492,0,0,6.912313108658713,0.2856458156774492,90.40348132627807,2.802293186004582,32.26053639846743,0,8.496,0,0,13.532,2.24,89.156,,,51.61282920837402,1.3224925994873047,,,,,50.25097465515137,1.8296865820884705,,,47.37862777709961,1.6754372715950012,0,0,4.385025969543458,0.11235897125244142,0,0,0,0,6.799961890335084,0.24759318828821184,1.054250486246745,0.05029954020182292,42.24088938095093,1.4937528538632394,6.799961890335084,0.24759318828821184,4.385025969543458,0.11235897125244142,54.48012772707622,1.9040045536057155,151.795922162013,4.9919435552877465,2544.20850633977,106.20313393789243,2696.0044285017816,111.19507749318018,8.80860840971645,3.9900100876403677,28.613444029797243
HG2,Reisa,HG,2,495,24,0.96,11.811747491638798,62.412,51.25829296844179,6.075,26.420794186500004,160.50632468298753,65.54229372080948,73.19277108433728,6685.049628,0.11004196918584683,38.94895553588867,1.7219425439834595,2603.757007177467,115.11271363163215,22.619195786745603,42.154999999999994,0.8125,52.8415438,42.9337543375,6692.01361685351,22.076612903225836,11.254851228977978,0.7650997295140786,5.177202463150024,0.16394592821598053,346.459093806075,10.971283840490297,31.578719395395023,907.2274939,47.85884475708008,0.7781744301319122,434.18859789914916,7.0598123806563535,61.50143580144016,160.65258829328204,0.1326179561156271,185.35026928749863,62.51482799525516,92.03036053130936,45.9,1.45,,,51.09,1.97,73.73953802661646,2.3294625302525898,0.058882372515338434,0.001149797679522487,73.7984203991318,2.330612327932112,94.69545257898307,3.651400304963723,25.934010152284266,0,29.676000000000002,0,0,40.8,15.032,25.924000000000003,,,50.30691146850586,1.3051146864891052,,,,,50.72930717468262,1.3899216055870056,46.28408241271973,2.2074944972991943,47.08659362792969,1.4285481572151184,0,0,14.9290790473938,0.3873058343625069,0,0,0,0,20.697557327270506,0.5670880150794982,6.957423268280029,0.3318305728340149,12.206728532104494,0.3703368242764473,20.697557327270506,0.5670880150794982,14.9290790473938,0.3873058343625069,54.79078817504883,1.6565612465524673,223.2846611531637,7.638573879448303,3384.4046988826913,133.14380985277882,3607.689360035855,140.78238373222712,7.924481694112118,4.261727355598109,33.07501505849906
HG3,Reisa,HG,3,510,,,11.7235646599777,41.442,34.035861330938175,2.125,26.420794186500004,56.14418764631251,62.64494754279399,51.3673318551367,4812.161877,0.22645467654598853,27.57931900024414,1.525374412536621,1327.1614747562712,73.4034859555329,18.080360319130513,72.18,1.8,46.236350824999995,83.22543148499999,13029.40280888915,18.820638820638862,5.084745762711845,0.7040547805369289,2.437021017074585,0.13781670480966549,317.52928485193496,17.956693607589024,17.683059687432532,626.1419418,46.935,1.12,293.87972038383003,7.01278974816,41.90625,54.58769405769499,0,49.199857813695374,62.967157417893446,87.94964028776974,42.9,1.5,,,43.825,1.34,23.41812075075115,0.8188154108654249,0,0,23.41812075075115,0.8188154108654249,21.561837686852,0.6592780947035181,32.70522388059702,0,4.812,0,0,0,18.416000000000004,200.28,,,51.941091537475586,1.291826605796814,,,,,,,46.68271827697754,1.769575834274292,46.119272232055664,1.5209550261497498,0,0,2.4994053247833254,0.062162696270942695,0,0,0,0,0,0,8.597089397888185,0.32588508563995366,92.3676784263611,3.046168726372719,0,0,2.4994053247833254,0.062162696270942695,103.4641731490326,3.4342165082836154,148.44413158663576,4.912310013852559,1938.5704799920363,98.37296931128193,2087.014611578672,103.2852793251345,2.8404008019328364,2.0420348371293917,30.127446216471334
HG4,Reisa,HG,4,528,25,1,12.418139167595692,24.845,20.404926758490394,3.6666666666666665,19.815595639875003,72.657184012875,70.14501891551075,76.87434002111956,3074.289128,0.08384424894266905,39.60879135131836,1.3532485365867615,1217.6887662053305,41.60277263372377,29.26941377023163,103.347,1.8375,52.8415438,97.09633673249999,15222.102290864657,23.833931317273155,6.864064602960987,0.8106932727894582,3.5750011205673218,0.12008004263043404,544.1903274723154,18.278706920118555,29.77181754981527,263.0536298,42.725460052490234,0.9928031265735626,112.39087351682456,2.6116046612196446,43.03517878710513,102.67844784103855,0.40991004617557464,62.97549664436046,52.283653846154124,84.59770114942533,44.3,1.38,43.8,1.28,42.489999999999995,1.885,45.48655239358008,1.416962580206332,0.17954060022490168,0.005246848591047355,45.66609299380498,1.4222094287973792,26.758288524188757,1.1870881117461947,22.541114058355436,11.2,3.2119999999999997,175.1,29.508,6.231999999999999,0,100.864,54.81449890136719,0.8012658059597015,,,52.505470275878906,0.8208815157413483,51.212852478027344,2.8309026956558228,51.47391891479492,1.095450520515442,,,46.34469413757324,1.8996899724006653,6.139223876953124,0.08974177026748656,1.657427851715088,0.04321888031482696,91.93707845306398,1.4373635340631008,15.111888509216307,0.8353427674341202,3.207854626770019,0.06826847643852232,0,0,46.745112294921874,1.9161032937622071,110.25682158905029,2.340974777935743,7.796651728668212,0.13296065058231352,164.79858561264038,4.390038722280264,237.22296713063412,6.999336262823838,1874.2699671944704,62.49308421506197,2111.4929343251047,69.4924204778858,0.6819893089434619,0.5948933087913928,37.53921002479019
HG5,Reisa,HG,5,546,,,,55.982,45.97740429786592,3.85,26.420794186500004,101.72005761802502,66.38528791076268,75.33632286995501,5849.624342,0.15193829459412797,40.421390533447266,1.8623430132865906,2364.4994999684545,108.94007023440079,21.70458945804681,91.856,1.64375,52.8415438,86.85828762125,15159.36102004693,15.594280607685391,4.393859184753939,0.8926231419975204,2.3526766300201416,0.09368814900517464,356.650743979027,14.20252474069393,25.111784734803514,1281.116366,45.515,1.0350000000000001,583.1001139849,13.259554388100003,43.97584541062801,0.48224711314773483,0,472.36233998390475,63.28555678059554,89.54703832752577,43.6,2.71,,,44.474999999999994,1.9649999999999999,0.21025974133241238,0.013068896766303613,0,0,0.21025974133241238,0.013068896766303613,210.08315070784158,9.281919980683728,22.63358778625954,0,3.372,0,0,16.856,46.532,77.97999999999999,,,,,,,,,50.51177787780762,1.6993626356124878,47.187503814697266,2.102058529853821,46.79651069641113,2.261073589324951,0,0,1.7399896376037598,0.04537175106525421,0,0,0,0,8.514265279083252,0.286444565858841,21.957289275054933,0.9781298751115799,36.491919041061394,1.7631851849555966,8.514265279083252,0.286444565858841,1.7399896376037598,0.04537175106525421,68.70346323280333,3.0731313769912716,278.9968736819774,12.368120254441303,3304.2503579323816,136.40214936319472,3583.247231614359,148.77026961763602,8.487201176584815,4.314672157323024,22.35617512065722
HG6,Reisa,HG,6,562,,,,69.75,57.28491210674734,5.65,26.420794186500004,149.27748715372502,67.10821733273463,65.87030716723548,7131.514919,0.12622150299694024,35.4108772277832,1.9040708541870117,2525.33199256397,135.7890970409061,18.597457731110914,27.301000000000002,1.157142857142857,46.236350824999995,53.50206309749999,5207.272978727485,19.637750238322198,8.007117437722302,0.4100719960546875,3.943170189857483,0.18632614612579346,205.33163580168596,9.70251105951273,21.162731435422646,542.6715308,59.25361633300781,1.3005061149597168,321.5525068086923,7.057476442199503,45.561966723119326,3.5900618423220267,0,340.63096623611347,44.242424242424484,89.82387475538104,44.6,2.77,,,46.435,2.4450000000000003,1.6011675816756241,0.09944471303232014,0,0,1.6011675816756241,0.09944471303232014,158.17198917173928,8.328427124472976,18.991820040899793,0,0,0,0,3.52,45.552,40.108000000000004,,,,,,,,,,,47.60473442077637,2.8166803121566772,46.262916564941406,2.583744168281555,0,0,0,0,0,0,0,0,1.768834307861328,0.06440496768951416,21.684908623352047,1.2830542157936096,18.555130575866702,1.0362881110143662,1.768834307861328,0.06440496768951416,0,0,42.00887350708008,2.38374729449749,201.782030260495,10.811619132002784,3052.216135174348,152.54908454261835,3253.998165434843,163.36070367462113,7.654394892414779,2.9606646889502883,17.62303982643254
HG7,Reisa,HG,7,582,24,0.96,,74.272,60.998781246858044,5.05,26.420794186500004,133.42501064182503,58.90710382513657,62.367021276595615,9487.287047,0.18786707024730048,33.91868782043457,1.8173733949661255,3217.963276266207,172.4194307051264,18.663576739037048,94.14200000000001,2.064285714285714,46.236350824999995,95.44503848874999,17091.6505520352,18.53707414829661,5.104551045510359,0.8035077450814805,2.2058407068252563,0.09657139331102371,377.0145853451161,16.505645077951666,22.84155412070106,1118.126021,48.89,0.745,546.6518116669,8.330038856449999,65.6241610738255,2.531797344025608,0,214.41100142404278,75.28786536758206,61.882352941176556,42.9,2.92,,,42.935,2.1100000000000003,1.086141060586986,0.07392848244554776,0,0,1.086141060586986,0.07392848244554776,92.05736346141276,4.524072130047304,20.348341232227487,0,0,0,0,5.688,28.464000000000002,126.964,,,,,,,,,50.60405731201172,1.6065797805786133,46.17574501037598,2.5076881647109985,45.32111740112305,1.7612445950508118,0,0,0,0,0,0,0,0,2.8783587799072263,0.09138225791931152,13.14346405975342,0.7137883592033387,57.54150349716187,2.2361465876603126,2.8783587799072263,0.09138225791931152,0,0,73.56332633682251,3.041317204782963,166.70683085882226,7.639317817275814,4141.629673278223,197.25511463952805,4308.336504137045,204.89443245680386,7.431037160608526,2.738957594870297,24.18798217467494
HG8,Reisa,HG,8,600,25,1,12.164367335562986,54.502,44.761896483372105,4.425,26.420794186500004,116.91201427526251,65.70623238333859,79.36073059360737,5810.022459,0.13129994257921299,42.207563400268555,2.0325570106506348,2452.26891300721,118.09201881342675,20.76574638698948,79.403,1.3,46.236350824999995,60.10725607249999,13909.498608836331,20.234604105571847,4.4730392156863,1.0537183268798398,2.287458062171936,0.09784798324108124,318.1739473355199,13.6101638676926,23.377672041906248,667.7600315,50.715,0.69,338.65449997522495,4.607544217349999,73.50000000000001,19.919484923630048,1.205617782869337,423.1229581508773,48.336798336798324,90.9677419354843,44.2,1.37,,,47.185,1.865,8.804412336244482,0.27289694345373167,0.5352942955939857,0.010452706177477154,9.339706631838467,0.28334964963120884,199.65056780349147,7.891243169513862,25.300268096514746,150.488,15.127999999999986,0,0,5.804,5.032,29.567999999999998,55.54831123352051,0.9193611145019531,51.249427795410156,1.4223134517669678,,,,,51.23677635192871,0.7515490055084229,46.906808853149414,2.1502894163131714,45.98360824584961,1.3313224911689758,83.59354260910035,1.383528153991699,7.753013436889642,0.21516757898330666,0,0,0,0,2.9737824994659423,0.04361990427970887,2.3603506214904786,0.10820256342887878,13.596433286132813,0.39364543418884274,2.9737824994659423,0.04361990427970887,91.34655604599,1.5986957329750058,110.27712245307923,2.144163634872436,319.2673968884091,10.318756454017507,3109.097360317955,136.30972689846936,3428.364757206364,146.62848335248688,3.07094066694854,2.148877139045462,51.431299673002805
MG1,Reisa,MG,1,472,25,1,,70.873,58.20721972780235,4.074999999999999,26.420794186500004,107.6647363099875,61.296859169199685,65.70680628272268,8526.625682,0.20924234802008293,36.33615684509277,1.406424105167389,3098.2480813394864,119.92051894648688,25.835846180102365,42.791,0.7285714285714285,46.236350824999995,33.686484172499995,8053.384309106304,19.05236907730668,6.161429451632862,1.028255147398455,3.1846446990966797,0.11904539167881012,256.4716764978377,9.587182894175434,26.751515990547503,1370.007829,50.635000000000005,0.605,693.70346421415,8.288547365449999,83.69421487603307,274.22580216551654,0,447.1446947349678,48.14432989690709,95.5032119914349,45.8,1.15,,,48.595,1.18,125.59541739180656,3.15359672490344,0,0,125.59541739180656,3.15359672490344,217.28996440645759,5.276307397872619,41.18220338983051,213.552,34.50800000000001,127.2,24.4,2.084000000000003,0,49.032,54.26656150817871,0.889105886220932,51.650299072265625,1.2360897064208984,53.31870460510254,0.7717074751853943,51.238412857055664,2.6177066564559937,,,,,47.14084434509277,0.7781305313110352,115.88732743194579,1.8987034021425249,17.823485203857427,0.42654983589172374,67.82139225769043,0.9816119084358216,12.502172737121581,0.6387204241752624,1.065347879587811,0.02181341806650165,0,0,23.114098799285888,0.38153296211242677,81.38891287439982,1.6421457506775856,133.71081263580322,2.3252532380342488,238.21382430948893,4.348931950824261,581.0992061077532,12.77883607360032,4048.423222051474,137.79624920611232,4629.522428159227,150.57508527971265,2.9121041409959734,1.905881135684143,54.775247578739375
MG2,Reisa,MG,2,494,25,1,11.516248606465993,56.587,46.4742841804838,5.2250000000000005,26.420794186500004,138.04864962446254,71.13264283327763,82.63888888888907,5077.779839,0.09718238926149275,44.34808921813965,1.9313677549362183,2251.8983332618436,98.07060247541787,22.96201182027304,227.809,3.042857142857143,46.236350824999995,140.6906103675,29384.858471330936,12.834489593656969,3.4110289937465716,1.4114010670854016,1.579480230808258,0.06279885210096836,464.1280304056578,18.453353811489986,25.151418823209706,822.8815677,48.004999999999995,0.8,395.02429657438495,6.5830525416,60.006249999999994,24.248992339445266,0.33355425326051663,39.76283461217488,62.66266266266278,91.21405750798728,42.9,1.26,,,46.11,1.4049999999999998,10.402817713622019,0.30553730347701036,0.1480980884476694,0.0028919153757686793,10.550915802069689,0.308429218852779,18.334643039673836,0.5586678263010569,32.818505338078296,0,5.076,0,0,24.996,8.440000000000001,84.94,,,51.971248626708984,1.2459604740142822,,,,,50.901031494140625,1.706256091594696,46.15064239501953,1.5906419157981873,46.62086486816406,1.1911699175834656,0,0,2.638060580291748,0.06324495366096496,0,0,0,0,12.72322183227539,0.4264957726550102,3.895114218139649,0.13425017769336703,39.59976261901855,1.0117797279953955,12.72322183227539,0.4264957726550102,2.638060580291748,0.06324495366096496,58.85615924972534,1.6357706320047378,87.74171809146884,2.502867677158574,3111.0506602418864,123.10700882850786,3198.7923783333554,125.60987650566643,6.711690018682767,4.024434974438967,35.980691973662275
MG3,Reisa,MG,3,513,,,,86.191,70.7877255861003,5.2,26.420794186500004,137.38812976980003,77.52705925518251,84.08163265306122,6021.046723,0.115789360057426,45.09012031555176,2.256290555000305,2714.897211650042,135.85230852289195,19.98418165409803,13,0.35714285714285715,46.236350824999995,16.5129824375,1272.3310183877365,28.67611138251104,11.986301369862828,0.5615039896861493,6.507889747619629,0.2876114845275879,82.80189990143992,3.6593701300899464,22.627363988295077,544.6190216,49.092567443847656,0.836014986038208,267.3674604910032,4.553096637390665,58.722114153111605,34.74858365292288,0,155.71639480168884,37.75216138328537,88.29516539440222,46.2,1.63,,,45.605000000000004,2.3200000000000003,16.053845647650373,0.5664019135426429,0,0,16.053845647650373,0.5664019135426429,71.0144618493102,3.6126203593991812,19.657327586206897,0.796,7.46,0,0,0,45.69199999999999,111.748,,,48.55478096008301,1.5718454718589783,,,,,,,47.35298538208008,2.5625782012939453,46.47979736328125,2.1066774129867554,0.43229691739400233,0.007236091555555661,3.6221866596221926,0.11725967220067977,0,0,0,0,0,0,21.636526080780026,1.1708932317352292,51.940243957519534,2.3541698754644393,0,0,4.054483577016195,0.12449576375623543,77.63125361531576,3.6495588709559037,164.6995611122763,7.828581143897729,3065.0665720424854,144.06477529037255,3229.7661331547615,151.8933564342703,3.444069856399365,1.2475745147243245,21.2714074112147
MG4,Reisa,MG,4,528,24,0.96,11.303274804905243,98.207,80.65633496056977,6.949999999999999,26.420794186500004,183.62451959617502,76.14663542015398,80.63157894736844,7281.85894,0.10477494877745608,42.35511016845703,2.1768147945404053,3084.239376362698,158.51258272420577,19.45737886139254,1.5310000000000017,0.5,46.236350824999995,23.118175412499998,560.5074624124198,24.156219864995236,9.090909090909143,0.05022750511872492,4.735569477081299,0.20347048342227936,26.54322030676549,1.1404672433885017,23.273987447374243,925.5901618,48.53,0.73,449.18890552154,6.756808181139999,66.47945205479452,94.27931062038216,0.18352181805899911,309.24480124269513,55.66037735849044,92.27871939736337,44.6,1.11,,,48.085,1.08,42.04857253669044,1.046500347886242,0.08148368721819561,0.0015911341625715223,42.13005622390864,1.0480914820488136,148.70036267754998,3.3398438534211077,44.523148148148145,235.936,44.152000000000015,9.2,1.2,5.020000000000001,0.768,37.52,55.273616790771484,0.9233390986919403,52.349775314331055,1.1181288361549377,53.28648567199707,0.6579609811306,50.4,1.23,49.35999870300293,1.6754981875419617,,,46.36768913269043,1.2768023610115051,130.4103605114746,2.1784893358898163,23.113472796783455,0.4936762437391283,4.90235668182373,0.06053241026401519,0.6048,0.01476,2.477871934890748,0.0841100090146065,0.363288720703125,0.020864767456054686,17.39715696258545,0.4790562458515168,7.985028616714478,0.1594024192786217,153.52383330825808,2.6721655796289445,179.26930760826116,3.3314890122151377,370.0997265097197,7.719424347685059,3559.9715021910033,166.4098581487343,3930.071228700723,174.12928249641934,2.505665423236344,2.028164630399707,53.8105654711625
MG5,Reisa,MG,5,550,,,,50.566,41.52930273579927,3.125,26.420794186500004,82.5649818328125,65.16200498476879,59.22098569157404,5475.980894,0.17523138860199033,31.441834449768066,1.8799294233322144,1721.748847133361,102.94457603882589,16.725007896326638,36.076,1.1,46.236350824999995,50.8599859075,6204.458860933315,23.220422189494258,10.741687979539808,0.5446128227659114,5.613783836364746,0.24155524373054504,348.30490866897463,14.987195723688867,23.240165477951386,468.0444013,47.595,0.85,222.765732798735,3.9783774110500003,55.99411764705882,19.852506157915084,1.646338061273795,106.38480917655653,69.01565995525736,92.54457050243094,46.3,1.14,44.5,1,47.239999999999995,1.46,9.191710351114683,0.22631857020023194,0.7326204372668389,0.01646338061273795,9.924330788381521,0.24278195081296988,50.256183855005304,1.5532182139777253,32.35616438356164,167.28,68.256,0,0,3.604,22.696,67.668,53.45354080200195,0.78138867020607,52.3830451965332,0.9308554232120514,,,,,51.11309242248535,2.1181812286376953,47.25345230102539,2.870954990386963,46.64418601989746,1.410544991493225,89.41708305358887,1.3071069675207139,35.7545713293457,0.6353646776676178,0,0,0,0,1.8421158509063722,0.07633925148010254,10.724643534240725,0.6515919446182251,31.563187795944216,0.9544875848436356,1.8421158509063722,0.07633925148010254,125.17165438293458,1.9424716451883317,169.30160156402587,3.624890426130295,229.4821162074127,5.4208905909209895,2292.8194886010706,121.91014917356476,2522.3016048084833,127.33103976448575,1.3157922355181635,1.0975165986733193,46.705301860603164
MG6,Reisa,MG,6,569,,,11.682227796358234,39.212,32.20438671496675,2.8,26.420794186500004,73.9782237222,65.86231369765792,70.37422037422036,4161.053008,0.148609036017458,37.991676330566406,1.9349147081375122,1580.8537909283698,80.5128266746487,19.63480672857978,29.055999999999997,1,46.236350824999995,46.236350824999995,5407.489349087609,17.863805970149286,4.20215786484941,0.5161629780784809,1.7147928476333618,0.08333972096443176,92.72724059469016,4.506586534710981,20.5759369936601,290.7830606,46.77888870239258,0.6828575730323792,136.02508428348474,1.9856341504024322,68.50460557193594,256.19913716099137,0.7715953810363759,110.49887354813633,42.30366492146596,92.32673267326761,44.7,1.17,44.3,0.734,46.83,1.2650000000000001,114.52101431096315,2.997529904783599,0.3418167537991145,0.005663510096807,114.86283106476226,3.003193414880406,51.74662248259224,1.3978107503839245,37.0197628458498,142.244,23.864000000000004,0,0,16.368000000000002,0.732,8.728,54.32955360412598,1.0425225496292114,52.51784324645996,1.1037713289260864,,,,,51.898672103881836,1.6624974608421326,,,47.04119873046875,1.6069153547286987,77.28053022865295,1.4829257754945755,12.532858112335207,0.2634039899349213,0,0,0,0,8.49477464996338,0.2721175843906403,0.346259561920166,0.019886731481552122,4.105755825195312,0.14025157216072082,8.49477464996338,0.2721175843906403,89.81338834098815,1.746329765429497,102.76017837806701,2.1785856534624104,269.36963192542146,6.579589818726741,1809.6061158065447,87.0050473597621,2078.9757477319663,93.58463717848885,1.323713975885018,0.9114326752527164,47.168298485189695
MG7,Reisa,MG,7,577,25,1,,37.46,30.765488283754983,2.6500000000000004,26.420794186500004,70.01510459422502,56.973995271867565,48.7789987789987,5010.129654,0.1890614963619647,26.404059410095215,1.1135497093200684,1322.8776102572467,55.790284194133,23.71161268248859,52.679,1.6714285714285713,46.236350824999995,77.28075780749998,10358.809157922295,14.928324270884914,4.938988959906879,0.5798973680999712,2.1095404338836667,0.10459006130695343,218.52326765521497,10.834284848941234,20.169607011631218,954.4466821,47.81091499328613,0.9708965718746185,456.3296918350709,9.266690116879937,49.24408673209367,0.37374151268949457,0.006697876571496317,216.7214153787984,59.00709219858137,90.38461538461556,44.8,1.81,,,48.25089645385742,1.9837446808815002,0.16743619768489357,0.006764721379679852,0.0029738571977443646,5.8070589874873066e-05,0.17041005488263794,0.0068227919695547255,104.57002572775826,4.299199549908015,24.323138415381443,123.612,15.424000000000007,59.968,6.7,2.4039999999999964,0.632,93.908,54.328548431396484,0.8217875361442566,52.01672554016113,1.3360610604286194,52.00919723510742,0.7298484742641449,50.70085334777832,2.661034107208252,,,,,46.9296875,1.4102990627288818,67.15660528701783,1.0158280091786382,8.023059747314456,0.20607405796051034,31.188875397949218,0.4376755330467224,3.3969571743011477,0.1782892851829529,1.2076865553283673,0.045600026582479414,0.2989563430786133,0.01716996488571167,44.0707309375,1.3243836438274383,35.79351912757873,0.6615648448121547,75.17966503433229,1.2219020671391485,155.34287144248964,3.2250205206644535,260.0833072251305,7.531042862542024,1997.7305697475326,75.89125915995417,2257.813876972663,83.4223020224962,2.9375644186158314,2.8733740010344846,48.1680257372391
MG8,Reisa,MG,8,600,24,0.96,11.45064567075437,39.157,32.15921582225613,2.725,26.420794186500004,71.99666415821251,65.92777976403292,74.81636935991584,4147.248097,0.15219259070639815,40.07493019104004,1.9529560208320618,1662.006779621538,80.9939314043095,20.520139605584163,415.099,10.142857142857142,46.236350824999995,468.9687012249999,91367.99529954401,17.77067153951573,3.1111111111111622,0.727837741099959,1.3048908710479736,0.05292208679020405,1192.2526297232914,48.353849770894236,24.65682950524753,798.7079707,49.077718353271486,0.7683201968669892,391.98764832527615,6.136634652874575,63.876647462083795,2.65503827294114,1.1573930715545635,248.8206064016937,60.96969696969698,91.45129224652067,45.5,1.52,,,47.377784729003906,1.4421710968017578,1.2080424141882187,0.04035658174870533,0.5138825237702263,0.010034597930378066,1.721924937958445,0.050391179679083395,117.88569126239656,3.588418868412091,32.851708673174514,337.136,27.976,26.884,4.696,0,0,76.508,54.20012664794922,0.9961966276168823,52.569894790649414,1.3052880764007568,54.529218673706055,0.7693702876567841,51.50384712219238,2.1628581285476685,,,,,46.029823303222656,1.9450501799583435,182.7281389758301,3.358537462482453,14.706953766632079,0.36516739225387573,14.659635148239136,0.20683750813364984,2.418620660858154,0.10156781771659851,0,0,0,0,35.21649721282959,1.4881189916825295,17.07825580909729,0.3084053258502484,197.43509274246216,3.7237048547363285,249.72984576438904,5.520229172269106,369.33746196474414,9.159039220360281,3246.2470576701057,135.4844158280783,3615.58451963485,144.6434550484386,1.569646780205447,1.1116630236480007,45.239035911571925
LG1,Reisa,LG,1,472,1,0.04,,64.05,52.60356445392643,4.625,26.420794186500004,122.19617311256252,74.66185752930568,79.24080664294179,5044.801459,0.10907678830104085,42.31364059448242,1.6557548642158508,2134.6391580339427,83.52954554615208,25.555498285986765,53.109,1.072222222222222,52.8415438,56.657877518888874,9826.762742473351,9.489051094890428,2.6713709677419746,0.8484161772207053,3.8393315076828003,0.17340824753046036,377.28199815701373,17.04041706069924,22.140420437663412,1663.038016,53.205,0.53,884.8193764127999,8.8141014848,100.38679245283018,234.64001205265896,6.281268648749245,210.8589925954587,53.698074974670654,95.09433962264154,45.8,0.826,45,1.08,49.3505859375,1.0532137751579285,107.4651255201178,1.9381264995549627,2.8265708919371604,0.06783770140649185,110.29169641205496,2.0059642009614547,104.0601483477686,2.2207959561746073,46.85714059341839,149.08,81.904,40,5.968,32.732,0,6.092,54.9453182220459,0.7906412482261658,52.28414726257324,0.8914737403392792,54.35614204406738,0.6245549917221069,50.2,2.18,50.65032386779785,1.2931278347969055,,,45.44040489196777,0.7725507760047913,81.91248040542604,1.1786879728555681,42.82280797393799,0.7301526522874832,21.74245681762695,0.24982199668884278,2.9959360000000004,0.1301024,16.578864008407592,0.42326660288572315,0,0,2.768229466018677,0.04706379327421188,41.317256826034544,0.803190999574566,124.73528837936402,1.9088406251430512,168.82077467141724,2.759095417991829,383.1726194312408,6.985855575127892,3396.7405326037565,109.38406409165133,3779.9131520349974,116.36991966677921,5.241175904653677,3.1945620391828373,61.18700120718957
LG2,Reisa,LG,2,495,3,0.12,11.138935340022298,62.986,51.729712887683775,3.375,26.420794186500004,89.17018037943751,73.8326258338387,71.14716106604838,5123.353761,0.1518030744086311,37.91764259338379,1.4916486144065857,1942.6549680011203,76.42243539144937,25.41995630014268,118.89,1.5999999999999999,46.236350824999995,73.97816131999998,24061.961803864786,8.594138102334824,3.3695652173911745,1.4689798620441592,2.088539242744446,0.11693231016397476,502.5435148478954,28.136207808032314,17.861096217253184,1514.78911,49.495000000000005,0.66,749.7448699945,9.997608126,74.99242424242425,186.5546165705726,0,312.13339223430154,139.6744659206512,25.418790968681716,45.5,0.826,,,48.60556221008301,1.1986332535743713,84.88235053961053,1.5409411328729294,0,0,84.88235053961053,1.5409411328729294,151.71419014088585,3.7413346348300625,40.55082074949891,182.824,60.54000000000002,216.8,21.6,56.611999999999995,1.888,27.764,55.77203941345215,0.6768037974834442,52.32682800292969,1.1396878361701965,54.004220962524414,0.6965512931346893,49.2,2.86,50.38762092590332,1.6519906520843506,,,45.49736404418945,0.7005720102787019,101.96467333724976,1.2373597747111322,31.678661672973643,0.6899670160174373,117.08115104675294,1.5101232035160066,10.6272,0.6177600000000001,28.525439958572385,0.9352249479579925,0.8775121423339843,0.04109494132995605,12.631888153228761,0.1945068129337788,156.23379100532532,3.063108151473999,133.6433350102234,1.9273267907285696,303.3865263111115,5.226036696466304,539.983066991608,10.508312464169295,3194.9433528435156,114.55625132548168,3734.926419835124,125.06456378965098,2.47125302204642,1.9130382556938599,58.05288862901647
LG3,Reisa,LG,3,510,,,9.982432181345224,57.569,47.28079004056217,3.16,33.025992733125,104.36213703667501,67.89935188715216,78.02850356294549,4595.604486,0.14543052170424794,40.98072052001953,1.6768322587013245,1883.3118305534047,77.06057850112896,24.439367925661415,147.484,3.4714285714285715,46.236350824999995,160.50618929249998,30293.082108148563,6.1295106277804905,1.4744602422328716,0.862545881601049,1.1767663359642029,0.05159849300980568,356.4787923746874,15.63077385402773,22.80621520749787,498.0707275,52.742425537109376,0.5908770096302032,262.69458257382644,2.942985420495398,89.2612585656665,138.51208749854385,3.3757297920341442,773.6368379280352,70.80131723380894,94.26356589147301,44.4,1.2,44.3,0.673,49.99886703491211,1.0571001172065735,61.499366849353464,1.662145049982526,1.4954482978711257,0.022718661500389793,62.99481514722459,1.684863711482916,386.8096539287368,8.17811592049049,47.29813782164359,168.848,56.25200000000001,193.308,26.4,0,6.032,15.732,54.90701675415039,0.8294665813446045,52.24777793884277,0.9206853806972504,54.7701530456543,0.5586512684822083,51.41135787963867,2.323945999145508,,,46.478397369384766,2.1766388416290283,46.38543128967285,1.3404276371002197,92.70939964904787,1.4005377332687379,29.390420046157843,0.5179039403498173,105.8750874494934,1.0799175940775871,13.572598480224608,0.613521743774414,0,0,2.803576929321289,0.131294854927063,7.297356050491333,0.21087607586860657,119.44768592971802,1.6934393378520012,122.09981969520571,1.9184416736185552,251.64843860473636,3.9540519422662257,701.4529076806978,13.81703157423963,2502.4852055019182,95.63433777565209,3203.938113182616,109.45136934989172,1.043895142089239,0.7442960951111469,63.643179775859636
LG4,Reisa,LG,4,528,7,0.28,10.938884243775547,36.023,29.58529589801329,4.7,26.420794186500004,124.17773267655002,72.84713638236511,87.86039453717778,3040.504759,0.06469159061794887,47.048728942871094,1.5911044478416443,1430.5188425775177,48.37760645797954,29.569855710411318,16.945,0.9642857142857143,46.236350824999995,44.58505258125,3988.2672221074595,8.648111332007986,3.2644178454841537,0.34719208879661834,2.7273805141448975,0.08992025628685951,108.77522306778685,3.5862601075238403,30.331102543170385,2295.991202,55.17942245483398,0.601433345079422,1266.9146848774008,13.808856688917832,91.74653002910453,425.68220592613415,2.389802360709886,721.1585316084428,72.01125175808727,95.50781250000007,46.1,0.664,44.8,0.768,49.03152275085449,1.0545728206634521,196.23949693194783,2.826529847349531,1.0706314575980287,0.018353682130251923,197.31012838954587,2.844883529479783,353.5950094953218,7.605141868238288,46.49420295130289,166.172,46.400000000000006,201.6,24.4,3.475999999999999,0,3.276,55.47263526916504,0.7751578986644745,51.57865333557129,0.6639961004257202,53.34648132324219,0.6031684577465057,50.2,2.53,,,,,,,92.17998747947694,1.2880953833687305,23.93249514770508,0.3080941905975342,107.54650634765625,1.2159876108169556,12.248800000000001,0.6173199999999999,1.7927371147537225,0.04911021200299261,0,0,1.497713133087158,4.253065017503906,121.58804346240997,1.8824178228199482,116.11248262718202,1.5961895739662646,239.19823922267915,7.731672414290119,790.1033771075467,18.18169781200819,2806.2087505227055,65.77272325442121,3596.3121276302522,83.9544210664294,5.2965050620543215,1.7860116090013738,30.93745135665335
LG5,Reisa,LG,5,546,,,,69.41,57.005673828370234,6.766666666666667,19.815595639875003,134.0855304964875,69.51781970649894,80.46767537826693,8769.139515,0.12959319480239817,42.41190719604492,1.49641752243042,3719.1593129775047,131.2229402682655,28.342295221965355,331.15900000000005,4.2785714285714285,46.236350824999995,197.82552960124997,42563.47736687769,7.1755725190839,1.8092105263158564,1.5538765215042534,2.8502033948898315,0.10982394963502884,1213.145676893913,46.74489194631665,25.95247579750807,564.2588929,54.52994155883789,0.6693485379219055,307.6900445389157,3.776858649720481,81.46718558336498,73.42212297674261,15.589977507814831,80.8343935393185,46.72447013487487,94.639175257732,45.6,0.896,45.3,0.857,50.09038543701172,1.1772363185882568,33.48048807739463,0.6578622218716138,7.062259811040118,0.13360610724197308,40.54274788843475,0.7914683291135869,40.490259289515535,0.9516118386554169,42.549133632812286,151.604,111.46799999999999,31.6,6,3.780000000000001,0,1.904,55.735992431640625,0.8171318173408508,52.60515594482422,0.8963300585746765,54.42048454284668,0.5816954970359802,50.6,2.24,51.92458152770996,1.4393200874328613,,,,,84.49799396606446,1.2388045203614235,58.63791522857666,0.9991211896920202,17.196873115539553,0.18381577706336977,3.036,0.13440000000000002,1.962749181747437,0.05440629930496217,0,0,0.8704657525634765,0.01902319542746544,22.19562229728699,0.37262207636833194,143.1359091946411,2.2379257100534438,166.2019972444916,2.629570981849241,247.23500442244188,4.372651149618244,5239.995034410334,181.7446908643026,5487.230038832776,186.11734201392085,1.8513017270561916,1.436302224123424,63.20498605731127
LG6,Reisa,LG,6,562,,,11.257729468599036,56.615,46.49728027448843,4.9,26.420794186500004,129.46189151385002,69.08911542255832,70.42553191489341,5439.927557,0.11101892973218458,38.200265884399414,1.5524235367774963,2078.0667906457443,84.45071577660428,24.606858231288548,57.041999999999994,0.9928571428571429,46.236350824999995,45.906091176249994,11956.725584141319,9.586170770036631,3.012746234067183,1.1234643409595715,4.046850681304932,0.1400931254029274,483.8708307635841,16.750550566675,28.886861290770863,645.1966636,54.39946174621582,0.5824029445648193,350.98351220294273,3.757644367040372,93.40519695837726,298.18946496301606,1.474872421043489,665.84200241347,51.06382978723396,95.0000000000003,45.9,0.853,45.4,1.84,50.557403564453125,1.3201584815979004,136.86896441802438,2.543556136134527,0.669592079153744,0.027137652547200197,137.53855649717812,2.570693788681727,336.63242826181374,8.79016966890272,38.29646536320335,212.872,18.135999999999996,178.068,34.1,88.904,0.108,26.612000000000002,54.9582462310791,0.808574378490448,51.5915412902832,0.960738480091095,53.937232971191406,0.6410100758075714,50.6,2.48,51.224849700927734,1.3863537907600403,,,45.939735412597656,0.8467264175415039,116.99071791702272,1.7212284509801865,9.35664192840576,0.17423953074932094,96.04495200714113,1.1414338217890263,17.2546,0.84568,45.54094037811279,1.2325239741373062,0.050196669158935545,0.0023507699489593507,12.22548238800049,0.22533083423614503,158.84049238525392,3.2196377959263325,126.34735984542849,1.8954679817295075,297.4635312878419,5.342787381840944,771.6345160468336,16.70365083942539,2912.9211336122708,104.95891071031966,3684.5556496591043,121.66256154974505,1.1799211509504741,0.7033116046900625,55.67571943792118
LG7,Reisa,LG,7,582,0,0,,40.326,33.119302734539765,2.48,33.025992733125,81.90446197815,56.89768976897687,51.14854517611017,4322.408936,0.1742906829023587,28.02342987060547,1.1684063076972961,1211.287236894718,50.50329865244432,23.984319226959887,287.967,7.642857142857143,46.236350824999995,353.37782416249996,54826.61618186956,12.541567695961945,2.3900054318305517,0.712697307336286,1.081395149230957,0.03785651922225952,592.8923678782123,20.755448493803904,28.565625457585647,407.2561925,52.56608200073242,0.7710512578487396,214.07862410261066,3.1401539949381343,68.17456228188209,176.84001639127436,7.583335854248131,495.17678276533593,56.76532769556053,82.68156424581015,44.5,0.925,44.8,2.2,43.4579963684082,1.1413710713386536,78.6938072941171,1.6357701516192877,3.3973344627031623,0.16683338879345888,82.09114175682025,1.8026035404127465,215.19390827136027,5.6518045504689916,38.07525655739516,158.82,9.948000000000008,389.412,65.048,1.9639999999999986,0.056,4.992,54.3541145324707,0.7284532785415649,53.01786422729492,1.0945229530334473,53.66079902648926,0.608474463224411,51.70528602600098,2.4228161573410034,,,,,45.54775619506836,1.182919204235077,86.32520470046997,1.1569294969797135,5.274217133331303,0.10888314336776742,208.96159070503234,2.369472576731443,33.633254454193114,1.575993454027176,1.0129274146652214,0.027748117483854272,0.026027902526855468,0.001218917751312256,2.273743989257812,0.05905132667541504,243.60777257389068,3.9732141482424734,91.59942183380127,1.265812640347481,337.50696629947663,5.299297033016681,634.792016327657,12.753705123898419,2018.2582288755411,74.39890114118636,2653.0502452031983,87.15260626508477,0.6342939419883098,0.5925604802625243,63.68900708842644
LG8,Reisa,LG,8,600,0,0,10.40828688219992,83.99,68.98006837313056,7.333333333333335,19.815595639875003,145.31436802575004,71.04861565293221,66.79216867469886,10078.26617,0.1374309022907762,35.812747955322266,1.5641006231307983,3609.3040610088665,157.63422393431603,22.89670333590003,281.90000000000003,3.564285714285714,46.236350824999995,164.79956472624997,36870.48198654048,14.910025706940914,6.82779456193351,1.455517421605946,1.764212727546692,0.07286626100540161,650.4737359143576,26.86614163826217,24.21165438166108,981.1127223,48.70199966430664,0.5715259909629822,477.8215147210157,5.607314208588966,85.21397177798879,456.0450200000412,2.7930145303139637,509.02855430007793,43.91353811149024,95.33678756476665,46.1,0.707,44.6,0.589,49.18357467651367,0.9215295016765594,210.23675422001898,3.224238291400291,1.245684480520028,0.016450855583549247,211.482438700539,3.2406891469838404,250.35843912895677,4.690848299832903,53.37167674722609,136.416,24.563999999999993,356.124,73.08,31,5.4,1.7719999999999998,55.343746185302734,0.844643235206604,51.63348579406738,0.8570624887943268,54.638702392578125,0.5974592566490173,50.41975021362305,2.2500778436660767,51.6660213470459,1.4577125310897827,45.03133010864258,1.2519415616989136,,,75.49772479614258,1.1522285157394407,12.68324945045471,0.2105288297474384,194.58153250854494,2.1276958031487467,36.84675345611572,1.644356888151169,16.01646661758423,0.45189088463783267,2.4316918258666993,0.06760484433174134,0.81011833694458,0.017704360450351238,247.4447525822449,4.223943575937748,88.18097424659729,1.362757345486879,338.8675369916535,5.672010126206721,800.7084148211492,13.603547573023462,4737.59931164424,190.10767978116718,5538.307726465388,203.71122735419064,1.4100539667002234,0.9885938289639441,59.74381735074201
HG9,Cearro,HG,9,543,12,0.48,,51.95,46.712,1.3785714285714286,46.23638987788625,63.74016604594319,31.25376128385156,29.5302013422819,6945.339615376418,0.5038070187319681,16.49516201019287,0.8732061982154846,1145.6450216523558,60.64713600529548,18.890340040992577,217.70600000000002,6.857142857142857,46.23638987788625,317.04953059122,53533.251671121056,25.115562403697993,8.4362139917695,0.5142032962780232,1.2066622972488403,0.04820109345018864,645.9655644067526,25.80361266492173,25.033919583086096,320.8461658,43.28,0.705,138.86222055824,2.2619654688899997,61.39007092198582,8.559886258372293,0.0696579163435617,161.10022157515468,62.43032329988857,70.89285714285712,43,1.08,,,33.54,1.19,3.680751091100086,0.09244677159042076,0.02797926306466394,0.0005645774119645675,3.70873035416475,0.09301134900238534,54.03301431630688,1.9170926367443406,28.18487394957983,0,7.3759999999999994,133.872,44.744,3.312000000000012,0,1.408,,,49.80035209655762,1.0558775067329407,53.53591346740723,0.7074994146823883,50.94662666320801,2.686793565750122,,,,,,,0,0,3.67327397064209,0.0778815248966217,71.66959807708741,0.947143616423607,22.79555863418579,1.2021789130592346,1.6382119482421933,0.07823011476516752,0,0,0.6010862451171874,0.014627898559570312,96.1033686595154,2.2275526442480094,3.67327397064209,0.0778815248966217,100.37772887527467,2.3200620677042014,158.1194735457463,4.330166053450927,1930.4728066173484,88.7127141391072,2088.5922801630945,93.04288019255813,1.3833967167237329,0.9749590325091213,43.26510496100763
HG10,Cearro,HG,10,554,23,0.92,,99.344,68.501,3.2857142857142856,26.420794215935,151.91956674162626,47.53157290470722,63.238512035010984,13603.450733085614,0.3627586862156164,33.58004844665527,1.6518922924995423,4568.0453455508805,224.71435412284274,20.32823120437471,100.408,1.2857142857142858,46.23638987788625,59.446786985853755,17059.204517826427,21.44490169181526,4.7147846332945,1.3268270180531665,1.5766924619674683,0.07954706251621246,268.97119170418307,13.570096082563927,19.820875995843632,1889.24366,46.34,0.79,875.4755120440001,14.925024914,58.65822784810127,1.8593305362473778,0.2223695021736777,385.8528285254515,61.78781925343807,95.07154213036556,46.1,1.67,44.2,0.82,47.519999999999996,1.6549999999999998,0.8571513772100411,0.031050819955331207,0.09828731996076556,0.001823429917824157,0.9554386971708067,0.03287424987315536,183.35726411529453,6.385864312096222,28.712990936555894,0,17.848,0,0,74.464,1.888,88.68,,,51.6762580871582,1.315507411956787,,,,,51.14423179626465,1.3406165838241577,,,45.54343605041504,0.9561417698860168,0,0,9.223178543395996,0.23479176288604733,0,0,0,0,38.084040764770506,0.9982767329788207,0.8837148786417642,0.04264924898783365,40.38791908950806,0.8479065215349197,38.084040764770506,0.9982767329788207,9.223178543395996,0.23479176288604733,88.57885327631632,2.1236242663876217,272.89155608878167,8.542362828356998,5712.492049299064,253.20947511940668,5985.383605387846,261.75183794776365,9.883572429110227,7.028091150694998,41.71117022833462
HG11,Cearro,HG,11,563,,,,54.338,41.433,2.357142857142857,26.420794215935,108.98577614073189,35.82687015261443,47.83625730994151,10063.60848669375,0.5031804243346875,23.68178653717041,1.30304616689682,2383.2422805383585,131.13346468044796,18.174173056023132,199.287,3.0714285714285716,46.23638987788625,142.01176891065063,38066.03163604927,11.683357176919401,2.861771058315379,1.2393591695457902,1.485195517539978,0.07602828741073608,565.3549955639537,28.940951938117266,19.53477538585528,790.4772373,40.395,0.675,319.31328000733504,5.335721351775001,59.84444444444445,43.853677064214985,11.567232838974137,93.50376564435874,57.06075533661743,68.63309352517987,43.9,1.2,41.9,0.771,35.915,1.41,19.25176423119038,0.5262441247705798,4.846670559530163,0.0891833651884906,24.098434790720543,0.6154274899590704,33.581877431171435,1.3184030955854582,25.47163120567376,0,22.456,0,0,1.192,0,111.336,,,51.366188049316406,1.5171167254447937,,,,,,,,,45.86731719970703,1.5565884113311768,0,0,11.534791188354493,0.3406837318658829,0,0,0,0,0.5895980200195312,0.028155282850265504,0,0,51.06683627746582,1.733043273639679,0.5895980200195312,0.028155282850265504,11.534791188354493,0.3406837318658829,63.191225485839844,2.1018822883558275,120.87153770773182,4.035712873900356,3267.910556109647,165.41013797034023,3388.782093817379,169.4458508442406,5.053126878808326,2.5385443235019625,30.064112455731493
HG12,Cearro,HG,12,569,25,1,,60.176,45.735,2.5,26.420794215935,115.59097469471564,38.335403726708094,36.543110394842884,10674.28286791643,0.5692950862888764,21.22513484954834,1.2831943035125732,2265.6309333797385,136.9717897286584,16.54085806915396,231.90600000000003,3.5714285714285716,46.23638987788625,165.12996384959376,39942.189608105706,20.365033621517696,6.3932448733414695,1.1183813090269596,2.3820340633392334,0.10511797294020653,951.4365621086213,41.986420063974535,22.660578364597917,884.5627109,48.325,0.6799999999999999,427.46493004242507,6.015026434119999,71.06617647058825,79.75831421337814,4.195549884385294,87.0560915125218,55.212922173274634,49.60106382978734,33.9,1.09,40.6,0.891,28.72,1,27.03806851833519,0.8693656249258218,1.7033932530604292,0.03738234946987297,28.74146177139562,0.9067479743956948,25.002509482396263,0.870560915125218,28.72,0,75.832,0,0,0,0.648,99.008,,,51.21048355102539,1.6698700785636902,,,,,,,,,45.88179397583008,1.1768843531608582,0,0,38.83393388641357,1.2662958779764175,0,0,0,0,0,0,0.303308920211792,0.014638089694976805,45.42664657958984,1.1652096603775024,0,0,38.83393388641357,1.2662958779764175,84.56388938621521,2.4461436280488966,138.30786064000708,4.223452517569809,3644.532425530785,184.97323622675293,3782.8402861707923,189.19668874432273,5.054934596138695,2.458983342248685,34.57028786721956
HG13,Cearro,HG,13,567,,,,87.208,66.312,1.8857142857142857,46.23638987788625,87.1886209125855,32.4577479128487,30.11757612300278,9686.876143,0.513697977273163,12.544415950775146,0.6627166569232941,1215.162036014324,64.19654173518973,18.928777207763915,162.54799999999997,11.357142857142858,46.23638987788625,525.1132850417082,81481.83583687144,23.929471032745525,6.092715231788225,0.23547513831395742,1.1352862119674683,0.05085831508040428,925.0520475139688,41.440288803213846,22.322528974320942,1279.954463,46.915,0.72,600.49063631645,9.2156721336,65.15972222222223,2.1218872978500336,0.21433205028788213,91.61852935930511,59.50980392156856,83.03130148270154,35.1,1.36,,,40.620000000000005,1.4049999999999998,0.7447824415453619,0.028857667250760458,0.08609004019896598,0.0017371612675832846,0.8308724817443278,0.03059482851834374,37.21544662574974,1.2872403374982366,28.91103202846976,0,2.712,0,0,18.464,0,107.632,,,,,,,,,49.462921142578125,2.3620203733444214,,,47.00875473022461,1.1403664946556091,0,0,1.397255569610596,0.038410383303165437,0,0,0,0,9.132833759765624,0.43612344173431394,0,0,50.59646289123535,1.2273992655277253,9.132833759765624,0.43612344173431394,1.397255569610596,0.038410383303165437,61.12655222061157,1.7019330905652046,99.17287132810564,3.0197682565817847,2740.7047198447426,114.85250267200357,2839.877591172848,117.87227092858535,9.823728224507443,5.414826343460726,35.91595495702578
HG14,Cearro,HG,14,567,23,0.92,,21.142,17.257,0.2777777777777778,59.44678698585375,16.512996384959376,27.12917421692991,26.53641207815277,2115.390763,0.7615406745221874,13.409211158752441,0.5406432151794434,283.6572142434144,11.436716634692159,24.80232948877723,225.19599999999997,11.666666666666666,59.44678698585375,693.5458481682937,75565.81677472079,27.339539441450242,7.687120701281236,0.235930257807161,0.4333166033029556,0.012580886948853731,327.43923050635516,9.50684998040557,34.44245267162471,185.0878511,47.165,0.645,87.29668497131499,1.193816639595,73.12403100775194,2.525099467454112,71.87089476278408,262.1106284321505,61.529808773903326,69.28702010968938,38.2,0.954,40.8,0.69,35.760000000000005,0.795,0.9645879965674707,0.024089448919512226,29.323325063215904,0.4959091738632101,30.287913059783374,0.5199986227827224,93.73076072733704,2.083779496035597,44.9811320754717,0,1.896,47.232,7.088,0,0,18.16,,,,,54.001474380493164,0.7089497447013855,50.05889701843262,2.5010182857513428,,,,,45.24648857116699,1.0074129700660706,0,0,0.9768423893737793,0.026853276822566982,25.505976379394532,0.3348511434173584,3.5481746206665044,0.17727217609405518,0,0,0,0,8.216762324523925,0.18294619536399842,29.054151000061037,0.5121233195114135,0.9768423893737793,0.026853276822566982,38.24775571395874,0.7219227916979789,162.26642950107913,3.3257009105162987,698.3931297210845,22.13738325469273,860.6595592221636,25.46308416520903,2.2824001916393635,1.6536624876285122,52.980396454860696
HG15,Cearro,HG,15,567,,,,88.482,71.242,1.01,66.0519855398375,66.71250539523588,24.769856561764087,27.177006260671554,8114.132883,0.8033794934059757,10.767533779144287,0.5291608572006226,873.6919990616792,42.93681511808039,20.34831872506011,190.98699999999997,4.25,66.0519855398375,280.7209385443094,23463.190107509345,18.853623874940922,2.9188558085231047,0.5520750613531611,2.6191691732406617,0.1222248537838459,614.5406423547373,28.677849801929096,21.429104573711747,739.2080046,43.21,0.73,319.41177878766,5.39621843358,59.19178082191781,0.5385092763483039,3.1788122208321523,203.99238896607164,70.65803667745408,41.832061068702195,29.3,1.08,34,0.881,24.515,0.935,0.15778321797005304,0.005815900184561683,1.0807961550829317,0.028005335665531265,1.2385793730529848,0.033821235850092946,50.008734155032464,1.90732883683277,26.219251336898395,0,2.448,312.68,49.224,0,0,28.504,,,,,53.58576583862305,0.6818788945674896,50.798545837402344,2.4792977571487427,,,,,42.6907844543457,1.0389132499694824,0,0,1.2612395407104493,0.03467131944179535,167.55197262420654,2.1320989275336264,25.00507620300293,1.2204095279788971,0,0,0,0,12.168581200866699,0.2961318327713013,192.55704882720948,3.3525084555125235,1.2612395407104493,0.03467131944179535,205.98686956878663,3.68331160772562,257.2341830968721,5.6244616804084835,1807.6444202040766,77.01088335358949,2064.8786033009487,82.63534503399798,1.5506414532941704,1.4650453201574412,55.9243668487717
HG16,Cearro,HG,16,567,25,1,,60.415,49.287,1.542857142857143,46.23638987788625,71.3361443830245,38.49783720015737,35.83759590792827,6555.998654,0.4249258386660405,18.10226345062256,0.9202664792537689,1186.7841481663488,60.33265799309028,19.670675677876943,303.055,6.883333333333333,39.6311913239025,272.79470027952885,59372.24620607961,22.357563850687654,3.795546558704419,0.8625507923401396,1.4900397658348083,0.0714283250272274,884.6700783399345,42.408600996044235,20.860628682904544,681.6296549,42.504999999999995,0.665,289.72668481524494,4.532837205085,63.917293233082695,29.85645460510198,0.19557799588769248,201.1216522790133,63.37033299697276,52.54777070063666,37.2,1.12,39.5,0.81,30.39,0.935,11.106601113097938,0.33439229157714223,0.07725330837563853,0.0015841817666903092,11.183854421473576,0.3359764733438325,61.12087012759214,1.8804874488087746,32.50267379679144,0,0,66.4,3.2,21.799999999999997,1.04,71.73599999999999,,,,,53.15595817565918,0.6463464796543121,50,2.64,51.103376388549805,1.614454448223114,,,45.57620811462402,1.3425646424293518,0,0,0,0,35.2955562286377,0.4291740624904633,1.6,0.08448,11.140536052703856,0.35195106971263884,0.4867920941670736,0.02349323037465413,32.694548653106686,0.9631021718931198,48.03609228134156,0.8656051322031022,0,0,81.21743302861532,1.852200534470876,153.522157577681,4.068664456623483,2361.180911321528,107.27409619421951,2514.703068899209,111.34276065084299,3.5672967491248535,2.4472712974245576,43.84915753834233
MG9 ,Cearro,MG,9,544,24,0.96,,35.703,29.829,1.2142857142857142,46.23638987788625,56.14418770886188,46.62889518413596,53.13163481953278,3443.189855,0.28355681158089385,23.277965545654297,1.2954447865486145,801.5045481183641,44.6046234675683,17.9690912243914,305.882,13.285714285714286,46.23638987788625,614.2834655204888,113072.06488997319,11.677186654643833,2.9096477794794366,0.4398027996539512,1.0884506106376648,0.040989091619849205,1230.7335807555296,46.34721227420646,26.554640945264968,359.8034322,43.849332122802736,0.8339719951152802,157.77140197462134,3.0006598620115943,52.57890238477544,6.664387188638837,0.17950309211610133,5.4798460396735456,51.605995717344676,87.13692946058065,46.4,0.786,,,43.10309600830078,1.4175555109977722,3.09227565552842,0.05238208330270126,0.07992375176469411,0.0013660185310035312,3.172199407293114,0.05374810183370479,2.3619832995875565,0.07767985952958552,30.40663711148912,0,18.864,91.2,20,0.6800000000000068,0.128,13.416,,,52.00099754333496,1.3287779688835144,52.70016098022461,0.8137258589267731,49.5,2.62,,,,,46.262733459472656,1.0252406001091003,0,0,9.809468176574708,0.25066067605018616,48.06254681396484,0.7421179833412171,9.9,0.524,0.345165290832523,0.01284960207939161,0.06005635416666667,0.002996981379191081,6.206608320922852,0.13754627891063692,58.30771210479737,1.2789675854206088,9.809468176574708,0.25066067605018616,74.38384495646159,1.670171521760623,79.91802766334227,1.8015994831239133,2190.009530848515,93.95249560378636,2269.9275585118576,95.75409508691027,2.1210439184337435,1.7966177862070285,44.53665027053589
MG10,Cearro,MG,10,556,19,0.76,,42.382,32.178,1.8714285714285717,26.420794215935,86.52810105718714,54.76718403547669,82.28291316526611,5508.924297,0.4006490398050552,42.55917549133301,1.8149971961975098,2344.552759244913,99.98682153119337,23.44861776122638,137.255,3.642857142857143,46.23638987788625,168.43256312658565,25813.471646091202,13.043478260869534,3.4883720930232833,0.7086051040103467,1.151355504989624,0.05178643390536308,297.2048268262068,13.36787643268266,22.232762871713934,625.0313622,54.80959510803223,0.8716486394405365,342.57715892003836,5.448077364692952,62.880377055612115,9.355593995066055,0.34561043108920997,350.1952329871353,61.64102564102573,51.91347753743772,39.1,1.06,,,35.92,1.14,3.658037252070828,0.09916929634770019,0.15388304444247072,0.002630095380588888,3.8119202965132986,0.10179939172828908,125.790127688979,3.992225656053342,31.508771929824565,0,28.376,247.2,51.2,12.807999999999993,0,30.48,,,51.829715728759766,1.133543610572815,53.897098541259766,0.9673203527927399,50.90735626220703,2.753699779510498,50.1,1.6,,,44.293874740600586,1.4607093930244446,0,0,14.707200135192872,0.32165433493614193,133.23362759399413,2.391215912103653,26.06456640625,1.4098942871093751,6.416807999999996,0.2049279999999999,0,0,13.50077302093506,0.4452242229938507,165.71500200024414,4.006038199213028,14.707200135192872,0.32165433493614193,193.92297515637208,4.77291675714302,323.5250231418643,8.866941804924652,2984.3347449911585,118.80277532856898,3307.859768133023,127.66971713349363,1.7665630317593737,1.1414566064952851,40.629867442408695
MG11,Cearro,MG,11,565,,,,27.854,19.165,0.9375,52.84158843187,49.538989154878124,53.652300949598306,79.19621749408986,1680.974548,0.17930395178713124,40.063486099243164,1.5966423153877258,673.4570043697955,26.83915094426556,25.092336406926695,180.125,4.5,52.84158843187,237.787147943415,30438.95163718646,10.704091341579328,3.4629728289824824,0.6764211474930325,1.534781813621521,0.07390142604708672,467.17149398458804,22.49481933366384,20.767959371225476,465.7031868,51.158546447753906,0.8725844323635101,238.24698112774814,4.063653509037557,58.62876364775868,217.58989745225796,0.4380411277758591,559.5632525722292,55.38033395176247,96.64991624790626,45.8,1.03,,,47.27962303161621,1.12516850233078,99.65617303313415,2.241175943758257,0.19503781214220126,0.003333492982374288,99.85121084527636,2.2445094367406315,264.55939643960045,6.296029468560351,42.02003782871343,0,25.352,411.2,63.2,0,0,3.336,,,52.03074645996094,1.057771623134613,54.82484245300293,0.6840121448040009,51.96342468261719,2.279098153114319,,,,,,,0,0,13.190834842529298,0.2681662618970871,225.43975216674804,2.812657939434051,32.840884399414065,1.4403900327682495,0,0,0,0,1.5381741484680174,0.04297762223768234,258.2806365661621,4.2530479722023005,13.190834842529298,0.2681662618970871,273.00964555715944,4.56419185633707,637.4202528420362,13.104730761638052,1378.8754794821316,53.39762378696695,2016.2957323241678,66.50235454860501,0.8726687316908988,0.8903336312200485,59.81554986083771
MG12,Cearro,MG,12,567,17,0.68,,20.02,14.371,0.475,66.0519855398375,31.374693131422813,41.9501929147667,50.69486404833846,1262.995761,0.26589384448397185,29.189942359924316,1.1418715715408325,368.6677346441874,14.421789544624797,25.563244665541184,207.458,8.88888888888889,59.44678698585375,528.4158843187,75559.20642950888,12.776176753121874,4.18502202643174,0.34244390564605276,0.46772612631320953,0.01611452316865325,353.4101493057434,12.176005826133743,29.025129780014407,242.2149663,49.77249336242676,0.948105663061142,120.5564280244717,2.2964538122719365,52.496778894587194,241.64599094644413,7.434642994360912,215.99398008787563,51.97916666666654,88.1763527054113,43.3,0.946,44.4,0.78,44.65311622619629,1.2973634600639343,104.6327140798103,2.285971074353361,3.300981489496245,0.05799021535601511,107.93369556930655,2.3439612897093762,96.44804297022638,2.8022269735978687,34.41835507221374,0,1.384,167.2,35.2,0,0,0.456,,,,,54.98951530456543,0.7457307279109955,50.3,2.79,,,,,,,0,0,0.7206310037231445,0.01654967231829961,91.94246958923338,1.2468617770671844,17.7056,0.9820800000000002,0,0,0,0,0.21025402029418946,0.00587463901090622,109.64806958923339,2.2289417770671847,0.7206310037231445,0.01654967231829961,110.57895461325072,2.2513660883963906,314.9606931527836,7.3975543517036355,842.6343119744024,28.894249183030475,1157.5950051271861,36.29180353473411,1.0902294061841797,1.0200268290918697,49.11638102002958
MG13,Cearro,MG,13,566,,,,44.938,37.038,1,59.44678698585375,59.44678698585375,41.680234451318775,51.64712451144615,3633.581537,0.3633581537226007,27.35590362548828,0.9926629960536957,993.9990634152558,36.069219349238125,27.55809749556589,246.653,9.283333333333333,39.6311913239025,367.90955945689484,74984.39681073696,7.956685499058381,2.4552429667518294,0.6170744702886869,1.4393684267997742,0.045976435765624046,1079.3017327200046,34.47515303392912,31.306655307890793,376.3691181,50.65250015258789,0.7733653485774994,190.64036811989618,2.910708342132125,65.4962111319783,71.6404878087246,2.549211823111498,195.65453265387418,52.37191650853886,92.57246376811587,43.5,0.926,,,46.56710243225098,1.3534069657325745,31.163612196795203,0.66339091710879,1.1350365642403946,0.0193995019738785,32.2986487610356,0.6827904190826685,91.11064663427152,2.6480020737090477,34.4073169499649,251.384,20.535999999999973,317.6,53.6,1.2080000000000268,0,11.336,55.07896041870117,0.7562517821788788,51.76711082458496,1.1898099780082703,54.52522659301758,0.735772579908371,51.18880653381348,2.199617862701416,,,,,47.283084869384766,1.4368825554847717,138.45969385894773,1.9010959801125527,10.630893878936753,0.24433937708377804,173.17211965942386,2.3368137137889864,27.437200302124026,1.178995174407959,0.613175987243666,0.022826940164566545,0,0,5.360010500793457,0.1628850064897537,201.22249594879156,3.5386358283615116,149.09058773788448,2.1454353571963307,355.6730941874695,5.846956192047596,479.08238958277667,9.177748684839313,2263.9411642551568,73.45508072529937,2743.0235538379334,82.63282941013868,0.5359988462310077,0.49781599973178503,60.830470163470345
MG14,Cearro,MG,14,566,,,,36.291,29.164,0.45,66.0519855398375,29.723393492926878,38.215024121295684,44.7852760736197,2727.998291,0.6062218423866443,26.373676300048828,0.8827342391014099,719.473438739204,24.08097495675832,29.877255386509347,209.17100000000002,8.15,66.0519855398375,538.3236821496756,59682.781986768954,8.670238675109601,1.2266666666666501,0.3548708358845171,0.6717972755432129,0.022569866850972176,400.9473033555093,13.470324427369759,29.765229896084914,305.5879031,52.52854347229004,0.7619069516658783,160.52087452594304,2.328295477168888,68.94351515948048,47.50401979568049,14.571900268947388,272.31605143836646,60.815047021943656,83.84879725085892,44.1,1.14,45.6,0.744,44.41885185241699,1.262219786643982,20.949272729895096,0.5415458256707576,6.644786522640009,0.10841493800096856,27.594059252535104,0.6499607636717262,120.95966345875964,3.4372270834626653,35.191059688993484,0,52.232,360.808,39.664,0,0,0.64,,,52.810455322265625,0.9706621766090393,55.03694725036621,0.7259645164012909,50,2.49,,,,,,,0,0,27.58395702392578,0.5069962680864334,198.5777086351013,2.6193380523371697,19.832,0.9876336000000001,0,0,0,0,0.2950933618164062,0.008245107383728028,218.40970863510128,3.6069716523371698,27.58395702392578,0.5069962680864334,246.2887590208435,4.122213027807331,394.84248173213814,8.209400874941723,1280.9416166206563,39.879594861296965,1675.7840983527944,48.08899573623869,0.6517588344840298,0.5648168742039381,59.746732485547525
MG15,Cearro,MG,15,566,,,,36.946,26.502,0.7277777777777777,59.44678698585375,43.26405052859356,51.976885644768835,64.53451551614955,2140.920714,0.2941723119062079,28.76478385925293,1.0598737001419067,615.8312159800745,22.691055588576326,27.139822278259764,235.02499999999998,5.111111111111111,59.44678698585375,303.83913348325245,35963.45205852896,9.034712315739412,3.1887088342916847,0.703632757666871,1.1864179968833923,0.04971640184521675,426.67686752291837,17.879734342830133,23.8637140430455,497.5695025,52.125,0.86,259.35810317812496,4.2790977214999995,60.61046511627907,300.11443468966405,13.96641222688412,447.2141842842715,49.16013437849945,95.67198177676575,45.1,0.922,44.5,0.602,49.83922576904297,1.137078881263733,135.35161004503848,2.7670550878387026,6.215053440963434,0.0840778016058424,141.56666348600191,2.851132889444545,222.88808697662193,5.0851780435123235,43.83093080899751,0,29.92,286.4,45.6,0,0,5.336,,,52.584964752197266,1.1523457169532776,55.59516906738281,0.6098224222660065,50.5,2.54,,,,,47.07548713684082,0.9778429567813873,0,0,15.733421453857423,0.34478183851242067,159.22456420898436,1.7465314173698425,23.028000000000002,1.1582400000000002,0,0,0,0,2.5119479936218263,0.052177700173854834,182.25256420898435,2.904771417369843,15.733421453857423,0.34478183851242067,200.4979336564636,3.3017309560561183,564.9526841190875,11.238041889012987,1301.8661866811178,44.84988765290646,1866.8188708002053,56.08792954191945,1.2935699558007083,1.296016476948605,60.72509732772297
MG16,Cearro,MG,16,567,12,0.48,,38.607,30.227,1.03125,52.84158843187,54.492888070365936,49.54710144927533,53.81508078994618,2886.059654,0.2798603301266564,27.524449348449707,1.1689539551734924,794.372027631273,33.73670847409941,23.54622201039956,193.111,12.2125,52.84158843187,645.3278987242124,99902.98012975961,13.419117647058897,2.8131634819531484,0.2590887641013666,0.9156571924686432,0.032355401664972305,914.7688230486634,32.324010496261195,28.299979148765328,449.1417546,51.83,0.735,232.79017140918,3.3011918963099998,70.51700680272108,153.7403796714979,2.9336699383153872,263.0518388133434,53.575025176233815,89.6616541353381,42.9,1.04,43.6,0.918,47.47958183288574,1.316281795501709,65.95462287907259,1.5988999485835782,1.2790800931055089,0.026931090033735255,67.2337029721781,1.6258310386173134,124.89591307229207,3.462503467032538,36.070985707728795,95.208,3.9440000000000026,0,0,26.776,0,5.848,55.16878890991211,1.0234906077384949,52.19874954223633,1.3124645352363586,,,,,50.75960159301758,1.889647364616394,,,45.626508712768555,1.5408146381378174,52.525100545349126,0.9744449378156662,2.058718681945802,0.051763601269722015,0,0,0,0,13.591390922546386,0.5059719783496857,0,0,2.6682382295227054,0.09010684003829957,13.591390922546386,0.5059719783496857,54.583819227294924,1.0262085390853883,70.843448379364,1.6222873574733736,262.97306442383416,6.710621863123225,1941.9310220891164,69.3619108666706,2204.9040865129505,76.07253272979382,3.2859802386043855,2.0348996009260842,43.66886547750635
LG9,Cearro,LG,9,543,1,0.04,,54.479,44.784,1.6428571428571428,46.23638987788625,75.95978337081313,37.94477654426417,36.467889908256964,6010.592814,0.36586217125910214,18.08598232269287,0.9653861224651337,1087.074753829088,58.02542890424256,18.7344544341594,111.16900000000001,2.7857142857142856,46.23638987788625,128.80137180268312,21419.35061972916,10.914603335017688,2.212138400453755,0.7688997658364314,1.959961712360382,0.10065820813179016,419.8110711829178,21.560334527284862,19.471454427186266,593.8532984,49.595205307006836,0.6924894154071808,294.52276256391195,4.11237123446642,71.61871965630705,2.2612031305371563,7.379720406474641,103.63108146329533,60.085836909871105,91.07142857142843,46.2,0.615,44.6,0.745,48.69109535217285,1.8943559527397156,1.0446758463081662,0.013906399252803512,3.29135530128769,0.054978917028236075,4.336031147595857,0.06888531628103958,50.459108689781054,1.9631415605884792,25.703245095914138,0,209.728,66.4,18.4,9.352000000000004,0.88,10.911999999999999,,,53.00221633911133,1.0838560461997986,54.03510093688965,0.7354597449302673,50.7,2.59,51.15902328491211,1.6556041240692139,,,46.03864860534668,1.257214367389679,0,0,111.16048828369141,2.2731496085739136,35.87930702209473,0.48834527063369754,9.3288,0.47655999999999993,4.784391857604982,0.15483209768295295,0.40264280090332033,0.015085753774642944,5.023737335815429,0.13718723176956174,49.99249887969971,1.1197373683166505,111.16048828369141,2.2731496085739136,166.57936730010988,3.5451599624347687,221.3745071374868,5.577186839304288,1801.4085875759176,83.69813466599385,2022.7830947134044,89.27532150529814,1.7680626798953971,1.1599959601377474,46.9878282123285
LG10,Cearro,LG,10,554,1,0.04,,32.546,26.777,1.9285714285714286,19.81559566195125,89.17018047878064,51.0081358330385,73.14079422382676,6620.316488,0.441354432531704,39.33016014099121,1.8362962007522583,2603.7810765708455,121.56862014691934,21.418200465087928,238.773,5.5,46.23638987788625,254.3001443283744,47350.639656022366,8.309455587392549,2.812499999999922,0.8609207210185885,1.029188632965088,0.04611785523593426,487.3274009760414,21.837099449853273,22.31648951799392,353.371808,50.726531982421875,0.8913590908050537,179.2532632019824,3.1498117349501795,56.90919911593308,122.76939840489891,92.16144204847504,325.78405007189184,59.12951167728261,97.6660682226209,46.1,1.25,45,0.523,48.6015739440918,1.2387798428535461,56.59669266465839,1.5346174800612362,41.47264892181377,0.4820043419135245,98.06934158647216,2.016621821974761,158.33617599374756,4.0357471435225,39.23342329508479,0,17.328,185.784,53.576,0,0.056,12.216,,,51.58053398132324,1.6223903894424438,54.02349281311035,0.8342679440975189,50.8,2.64,,,,,45.90942573547363,1.0847862362861633,0,0,8.93787492828369,0.28112780668258663,100.36700588790893,1.5499363572621345,27.216607999999997,1.4144064,0,0,0.025622723693847656,0.0009600025129318237,5.6082954478454585,0.1325174866247177,127.58361388790892,2.9643427572621346,8.93787492828369,0.28112780668258663,142.15540698773194,3.378948053082371,398.5609245679517,9.431317018579632,3270.3617407488696,146.55553133172282,3668.922665316821,155.98684835030244,1.260966902352522,0.932187084698397,42.07090631596239
LG11,Cearro,LG,11,563,,,,45.742,34.638,2,26.420794215935,92.4727797557725,47.93764209158825,59.76294447910166,6825.441879,0.6067059448177399,28.90688991546631,1.2509601712226868,1973.0229702066651,85.38355941624337,23.107762005894042,217.58599999999996,5.785714285714286,46.23638987788625,267.5105414363419,42917.66530991915,8.801213960546335,2.9395452024404243,0.7417868078257632,1.1783701181411743,0.050586018711328506,505.72894341592814,21.710338204141046,23.294383471164213,680.1595694,51.8828239440918,0.7489636540412903,352.8859919306949,5.094147964289745,69.27281940070152,3.5150456247212665,125.88659016127326,576.7041395645894,63.4397528321316,94.64285714285721,45.8,0.784,44.6,0.611,49.2,1.84,1.60989089612234,0.02755795769781473,56.14541921192787,0.7691670658853796,57.75531010805021,0.7967250235831944,283.738436665778,10.611356167988445,26.73913043478261,0,7.944,312.8,56,6.279999999999973,0,8.016,,,51.198978424072266,1.3626347184181213,53.89535903930664,0.7457314133644104,50.1,2.45,50.579471588134766,1.2879469990730286,,,46.24801063537598,1.380294382572174,0,0,4.067246846008301,0.10824770203113555,168.58468307495116,2.332647861003876,28.055999999999997,1.372,3.1763908157348495,0.08088307154178585,0,0,3.7072405325317384,0.11064439770698548,199.817073890686,3.7855309325456616,4.067246846008301,0.10824770203113555,207.59156126922602,4.004423032283783,549.0853080430543,15.412504223855423,2831.637905553288,112.18804558467416,3380.7232135963422,127.60054980852958,1.6999052840738365,1.2721303227008152,51.84056719173184
LG12,Cearro,LG,12,569,4,0.16,,21.216,17.29,0.75,52.84158843187,39.6311913239025,42.139852786540466,44.88868696047248,1893.209449,0.25242792656534385,22.57432270050049,0.9005347192287445,427.37921041362716,17.04900839596421,25.06768725123011,292.16299999999995,9.8125,52.84158843187,518.5080864877244,76353.82634087998,7.874396135265698,2.5170424750918627,0.5190988048856512,1.208694338798523,0.03958642855286598,922.8843764382717,30.22575291181182,30.533048395218664,210.4213041,52.6989631652832,0.67937171459198,110.88984553956755,1.429542821530974,77.57014611203438,64.32908574327922,247.07127096935614,208.24175774448508,42.82964388835422,97.52808988764062,46,0.834,44.4,0.556,48,1.32,29.591379441908444,0.5365045750989487,109.69964431039412,1.37371626658962,139.29102375230258,1.9102208416885689,99.95604371735284,2.748791202227203,36.36363636363636,0,13.072,249.024,58.808,32.21600000000001,0,2.312,,,51.521480560302734,1.199435532093048,53.58098220825195,0.9016679525375366,50.15616226196289,2.575888514518738,50.987083435058594,1.1490058302879333,,,,,0,0,6.734887938842774,0.15679021275520325,133.42950513427735,2.2453696021270755,29.495835903015134,1.5148285176181793,16.42599879943848,0.37016371828556066,0,0,1.064042342276001,0.031044260365152357,179.35133983673094,4.130361838030815,6.734887938842774,0.15679021275520325,187.15027011784971,4.318196311151171,426.39733758750515,8.977208355066942,1461.1534323914666,48.704304129307005,1887.5507699789719,57.68151248437395,0.5925176889658749,0.33105091073311527,43.33991709329168
LG13,Cearro,LG,13,567,,,,47.754,39.419,0.6699999999999999,66.0519855398375,44.25483031169112,33.97648477539953,29.817351598173484,3940.200927,0.5880896906186945,14.480858325958252,0.4706692546606064,570.5749139969637,18.5453143352412,30.766526988044323,208.474,11.966666666666665,59.44678698585375,711.3798842640498,76495.54333102872,9.7683786505538,1.562500000000124,0.26442899841995254,1.1037179231643677,0.03820705600082874,844.2950221665293,29.226695078624363,28.887803424069812,357.3839164,49.54763603210449,0.7097926735877991,177.0752821351526,2.5366848551883443,69.80578678229426,64.76444772042649,171.7871383057375,172.34354118826138,49.88888888888906,96.43652561247178,45.8,0.745,44,0.48,47.8,1.1,29.66211705595533,0.4824951355171773,75.5863408545245,0.82457826386754,105.24845791047983,1.3070733993847172,82.38021268798893,1.8957789530708755,43.454545454545446,0,98.816,391.2,85.6,25.319999999999993,0,30.952,,,53.600929260253906,1.0840756297111511,53.83422088623047,0.8474892675876617,50.916677474975586,2.4840797185897827,50.29913520812988,1.62810617685318,,,45.53767395019531,1.7872042059898376,0,0,52.96629425781251,1.0712401742553712,210.59947210693358,3.3153780148029326,43.584675918579094,2.126372239112854,12.735741034698483,0.412236483979225,0,0,14.094820841064454,0.5531754458379745,266.9198890602112,5.853986737895012,52.96629425781251,1.0712401742553712,333.9810041590881,7.478402357988358,521.6096747575568,10.68125471044395,1591.9452182986456,50.3086942690539,2113.5548930562027,60.98994897949785,0.5301956696040256,0.33920144086372694,44.65940560183056
LG14,Cearro,LG,14,567,6,0.24,,28.092,23.404,0.4722222222222222,59.44678698585375,28.072093854430936,39.76334617501386,49.657377798081384,2371.496792,0.5021993205887827,25.44442653656006,0.8248743712902069,603.4137590573185,19.561869253177424,30.846426343397948,290.759,11,59.44678698585375,653.9146568443912,88334.70023937256,8.106841611996316,1.427842937276834,0.4085970938268126,0.47182393074035645,0.013739428017288446,416.78425487711866,12.136682553676117,34.340871406484766,223.3441045,51.42735481262207,0.7065098285675049,114.85996507428841,1.5779480498185787,72.79071391957054,51.22000171754663,369.4548716837368,290.5955692878731,65.2129817444218,96.42301710730953,46.1,0.801,43.4,0.423,49.7,1.23,23.612420791788995,0.4102722137575486,160.34341431074176,1.5627941072222067,183.95583510253076,1.9730663209797552,144.42599793607295,3.574325502240839,40.40650406504065,0,21.8,111.256,25.216,10.135999999999996,0,19.744,,,51.26201248168945,0.8999859690666199,54.03665351867676,0.6666525304317474,50.4,2.64,51.26916694641113,1.0551995635032654,,,46.39526031494141,1.118694477081299,0,0,11.1751187210083,0.19619694125652312,60.119019238739014,0.7416909392571449,12.708864,0.6657024000000001,5.19664276168823,0.10695502775669093,0,0,9.160280196582033,0.22087503755493165,78.02452600042724,1.5143483670138358,11.1751187210083,0.19619694125652312,98.35992491801758,1.9314203458252908,426.74175795662126,7.478812169045885,1135.0579790087256,33.27649985667212,1561.799736965347,40.755312025718005,1.16775165465024,0.8169884164414379,50.92621351463948
LG15,Cearro,LG,15,567,,,,21.088,15.608,0.325,66.0519855398375,21.466895300447188,39.68492123030756,41.23134328358209,1425.237624,0.43853465359648397,20.266453742980957,0.7178954482078552,288.8451237955209,10.231716028841786,28.230369468944073,264.764,12.25,66.0519855398375,809.1368228630095,96216.75077263989,9.460694698354757,4.240282685512353,0.2962607553079227,0.48761802911758423,0.013048119843006134,469.17022379852455,12.554476949860582,37.37075034446057,234.9686697,44.765,0.825,105.183724991205,1.9384915250249997,54.260606060606065,100.98254549313567,422.82355220541956,689.3202747095012,71.14026236125109,96.73758865248232,45.9,0.751,44.9,0.444,49.2,1.22,46.35098838134927,0.758378916653449,189.8477749402334,1.877336571792063,236.19876332158265,2.635715488445512,339.1455751570746,8.409707351455914,40.32786885245902,0,6.048,249.776,33.208,2.151999999999987,0,1.024,,,52.255537033081055,1.17695152759552,55.149831771850586,0.7476976215839386,49.5,2.4,,,,,,,0,0,3.1604148797607423,0.07118202838897705,137.75104380645752,1.8675692112874986,16.437959999999997,0.7969919999999999,1.1009421810913018,0.035628600749969264,0,0,0.47127134882812505,0.013749707012939453,155.28994598754883,2.700189812037468,3.1604148797607423,0.07118202838897705,158.92163221613768,2.7851215474393847,734.2659706947949,13.83054438734081,863.1990725852504,24.724684503727367,1597.4650432800454,38.555228891068175,0.6618590781156357,0.6960168495365062,57.060932354011186
LG16,Cearro,LG,16,567,5,0.2,,25.894,19.66,0.5277777777777778,59.44678698585375,31.374693131422813,47.9113694151834,55.85774058577391,1722.654039,0.32639760746276786,30.52555274963379,1.0775270462036133,525.849667368642,18.56206318274394,28.329268260302744,271.191,9.5,59.44678698585375,564.7444763656106,67819.65277594699,9.537434430138191,4.797047970479756,0.4344023650719902,1.8736428618431091,0.08462674170732498,1270.6980831633127,57.39356238150531,22.140080358085363,296.9981117,53.22,0.72,158.06239504674,2.13838640424,73.91666666666667,45.524127481146174,550.6190371895692,587.8475742530972,63.89830508474558,98.67374005305066,45.9,0.933,44.4,0.47,49.1,1.33,20.895574513846096,0.42474010939909385,244.47485251216872,2.5879094747909748,265.3704270260148,3.0126495841900685,288.6331589582707,7.818372737566192,36.9172932330827,0,7.808,297.6,64,0,0,2.624,,,50.79560089111328,1.106334924697876,54.563575744628906,0.6644273698329926,50.603986740112305,2.508952260017395,,,,,,,0,0,3.966120517578125,0.08638263092041015,162.38120141601564,1.9773358526229858,32.386551513671876,1.605729446411133,0,0,0,0,1.2076328313720706,0.03523362422065735,194.7677529296875,3.5830652990341187,3.966120517578125,0.08638263092041015,199.94150627863772,3.704681554175186,753.9450922629233,14.535703875931446,1954.6101455786948,78.09401196848926,2708.555237841618,92.6297158444207,0.7905431842974356,0.5772119338651476,53.9699575671499
